wiki/profile/now.md	wiki/profile/owner-identity.md
wiki/profile/now.md	wiki/tooling/vault-capture-protocol.md
wiki/profile/owner-identity.md	wiki/profile/now.md
wiki/profile/owner-identity.md	wiki/tooling/vault-operations.md
wiki/tooling/excalidraw-drawings.md	wiki/tooling/obsidian-plugins.md
wiki/tooling/excalidraw-drawings.md	wiki/tooling/vault-capture-protocol.md
wiki/tooling/excalidraw-drawings.md	wiki/tooling/vault-image-rules.md
wiki/tooling/excalidraw-drawings.md	wiki/tooling/vault-operations.md
wiki/tooling/excalidraw-drawings.md	wiki/tooling/vault-skills.md
wiki/tooling/notebooklm-compile-support.md	wiki/tooling/second-brain-architecture.md
wiki/tooling/notebooklm-compile-support.md	wiki/tooling/vault-capture-protocol.md
wiki/tooling/notebooklm-compile-support.md	wiki/tooling/vault-operations.md
wiki/tooling/notebooklm-compile-support.md	wiki/tooling/vault-skills.md
wiki/tooling/obsidian-plugins.md	wiki/tooling/excalidraw-drawings.md
wiki/tooling/obsidian-plugins.md	wiki/tooling/vault-capture-protocol.md
wiki/tooling/obsidian-plugins.md	wiki/tooling/vault-operations.md
wiki/tooling/obsidian-plugins.md	wiki/tooling/vault-skills.md
wiki/tooling/second-brain-architecture-layout.md	wiki/tooling/second-brain-architecture.md
wiki/tooling/second-brain-architecture-layout.md	wiki/tooling/vault-capture-protocol.md
wiki/tooling/second-brain-architecture-layout.md	wiki/tooling/vault-operations.md
wiki/tooling/second-brain-architecture.md	wiki/profile/now.md
wiki/tooling/second-brain-architecture.md	wiki/tooling/excalidraw-drawings.md
wiki/tooling/second-brain-architecture.md	wiki/tooling/notebooklm-compile-support.md
wiki/tooling/second-brain-architecture.md	wiki/tooling/obsidian-plugins.md
wiki/tooling/second-brain-architecture.md	wiki/tooling/second-brain-architecture-layout.md
wiki/tooling/second-brain-architecture.md	wiki/tooling/vault-capture-protocol.md
wiki/tooling/second-brain-architecture.md	wiki/tooling/vault-image-rules.md
wiki/tooling/second-brain-architecture.md	wiki/tooling/vault-operations.md
wiki/tooling/second-brain-architecture.md	wiki/tooling/vault-tag-facets.md
wiki/tooling/vault-capture-protocol.md	wiki/profile/now.md
wiki/tooling/vault-capture-protocol.md	wiki/tooling/second-brain-architecture.md
wiki/tooling/vault-capture-protocol.md	wiki/tooling/vault-image-rules.md
wiki/tooling/vault-capture-protocol.md	wiki/tooling/vault-operations.md
wiki/tooling/vault-capture-protocol.md	wiki/tooling/vault-skills.md
wiki/tooling/vault-capture-protocol.md	wiki/tooling/vault-tag-facets.md
wiki/tooling/vault-image-rules.md	wiki/tooling/excalidraw-drawings.md
wiki/tooling/vault-image-rules.md	wiki/tooling/second-brain-architecture.md
wiki/tooling/vault-image-rules.md	wiki/tooling/vault-capture-protocol.md
wiki/tooling/vault-image-rules.md	wiki/tooling/vault-operations.md
wiki/tooling/vault-operations.md	wiki/profile/now.md
wiki/tooling/vault-operations.md	wiki/tooling/notebooklm-compile-support.md
wiki/tooling/vault-operations.md	wiki/tooling/obsidian-plugins.md
wiki/tooling/vault-operations.md	wiki/tooling/second-brain-architecture.md
wiki/tooling/vault-operations.md	wiki/tooling/vault-capture-protocol.md
wiki/tooling/vault-operations.md	wiki/tooling/vault-image-rules.md
wiki/tooling/vault-operations.md	wiki/tooling/vault-skills.md
wiki/tooling/vault-operations.md	wiki/tooling/vault-tag-facets.md
wiki/tooling/vault-skills.md	wiki/tooling/excalidraw-drawings.md
wiki/tooling/vault-skills.md	wiki/tooling/notebooklm-compile-support.md
wiki/tooling/vault-skills.md	wiki/tooling/second-brain-architecture.md
wiki/tooling/vault-skills.md	wiki/tooling/vault-capture-protocol.md
wiki/tooling/vault-skills.md	wiki/tooling/vault-operations.md
wiki/tooling/vault-tag-facets.md	wiki/tooling/obsidian-plugins.md
wiki/tooling/vault-tag-facets.md	wiki/tooling/second-brain-architecture.md
wiki/tooling/vault-tag-facets.md	wiki/tooling/vault-capture-protocol.md
wiki/tooling/vault-tag-facets.md	wiki/tooling/vault-operations.md
