wiki/career/career-growth-plan.md	wiki/career/education-and-certifications.md
wiki/career/career-growth-plan.md	wiki/career/harbor-analytics.md
wiki/career/career-growth-plan.md	wiki/journal/journal-2026-03.md
wiki/career/career-growth-plan.md	wiki/journal/journal-2026-04.md
wiki/career/career-growth-plan.md	wiki/people/ines-duarte.md
wiki/career/career-growth-plan.md	wiki/people/tomas-lind.md
wiki/career/career-growth-plan.md	wiki/projects/tidewater-dashboard.md
wiki/career/cv-full-text.md	wiki/career/education-and-certifications.md
wiki/career/cv-full-text.md	wiki/career/harbor-analytics.md
wiki/career/cv-full-text.md	wiki/career/quayside-logistics.md
wiki/career/cv-full-text.md	wiki/profile/mira-identity.md
wiki/career/cv-full-text.md	wiki/projects/sparse-hybrid-retrieval-paper.md
wiki/career/education-and-certifications.md	wiki/career/career-growth-plan.md
wiki/career/education-and-certifications.md	wiki/career/cv-full-text.md
wiki/career/education-and-certifications.md	wiki/career/harbor-analytics.md
wiki/career/education-and-certifications.md	wiki/people/tomas-lind.md
wiki/career/education-and-certifications.md	wiki/projects/sparse-hybrid-retrieval-paper.md
wiki/career/harbor-analytics.md	wiki/career/career-growth-plan.md
wiki/career/harbor-analytics.md	wiki/career/cv-full-text.md
wiki/career/harbor-analytics.md	wiki/career/education-and-certifications.md
wiki/career/harbor-analytics.md	wiki/career/quayside-logistics.md
wiki/career/harbor-analytics.md	wiki/journal/journal-2026-03.md
wiki/career/harbor-analytics.md	wiki/journal/journal-2026-04.md
wiki/career/harbor-analytics.md	wiki/people/hannah-voss.md
wiki/career/harbor-analytics.md	wiki/people/ines-duarte.md
wiki/career/harbor-analytics.md	wiki/people/sam-achebe.md
wiki/career/harbor-analytics.md	wiki/people/tomas-lind.md
wiki/career/harbor-analytics.md	wiki/profile/mira-identity.md
wiki/career/harbor-analytics.md	wiki/projects/driftwood-capacity-forecast.md
wiki/career/harbor-analytics.md	wiki/projects/tidewater-dashboard.md
wiki/career/quayside-logistics.md	wiki/career/cv-full-text.md
wiki/career/quayside-logistics.md	wiki/career/harbor-analytics.md
wiki/career/quayside-logistics.md	wiki/journal/journal-2026-03.md
wiki/career/quayside-logistics.md	wiki/people/hannah-voss.md
wiki/career/quayside-logistics.md	wiki/projects/tidewater-dashboard.md
wiki/ideas/allotment-soil-sensor.md	wiki/ideas/bird-box-camera.md
wiki/ideas/allotment-soil-sensor.md	wiki/journal/journal-2026-03.md
wiki/ideas/allotment-soil-sensor.md	wiki/journal/journal-2026-04.md
wiki/ideas/allotment-soil-sensor.md	wiki/people/sam-whitlock.md
wiki/ideas/bird-box-camera.md	wiki/ideas/allotment-soil-sensor.md
wiki/ideas/bird-box-camera.md	wiki/journal/journal-2026-04.md
wiki/journal/journal-2026-03.md	wiki/ideas/allotment-soil-sensor.md
wiki/journal/journal-2026-03.md	wiki/journal/journal-2026-04.md
wiki/journal/journal-2026-03.md	wiki/people/dayo.md
wiki/journal/journal-2026-03.md	wiki/projects/sparse-hybrid-retrieval-paper.md
wiki/journal/journal-2026-03.md	wiki/projects/tidewater-dashboard.md
wiki/journal/journal-2026-04.md	wiki/ideas/bird-box-camera.md
wiki/journal/journal-2026-04.md	wiki/journal/journal-2026-03.md
wiki/journal/journal-2026-04.md	wiki/projects/driftwood-capacity-forecast.md
wiki/journal/journal-2026-04.md	wiki/projects/sparse-hybrid-retrieval-paper.md
wiki/journal/journal-2026-04.md	wiki/projects/tidewater-dashboard.md
wiki/learning/rate-limiting-algorithms.md	wiki/journal/journal-2026-03.md
wiki/learning/rate-limiting-algorithms.md	wiki/learning/rate-limiting-token-bucket.md
wiki/learning/rate-limiting-algorithms.md	wiki/projects/tidewater-dashboard.md
wiki/learning/rate-limiting-algorithms.md	wiki/projects/tidewater-data-model.md
wiki/learning/rate-limiting-token-bucket.md	wiki/journal/journal-2026-03.md
wiki/learning/rate-limiting-token-bucket.md	wiki/learning/rate-limiting-algorithms.md
wiki/learning/rate-limiting-token-bucket.md	wiki/projects/tidewater-data-model.md
wiki/people/dayo.md	wiki/journal/journal-2026-03.md
wiki/people/dayo.md	wiki/journal/journal-2026-04.md
wiki/people/dayo.md	wiki/people/priya-raman.md
wiki/people/hannah-voss.md	wiki/career/harbor-analytics.md
wiki/people/hannah-voss.md	wiki/journal/journal-2026-03.md
wiki/people/hannah-voss.md	wiki/people/sam-achebe.md
wiki/people/hannah-voss.md	wiki/projects/decisions/tidewater-fifteen-minute-refresh.md
wiki/people/hannah-voss.md	wiki/projects/decisions/tidewater-late-definition.md
wiki/people/hannah-voss.md	wiki/projects/tidewater-dashboard.md
wiki/people/ines-duarte.md	wiki/career/harbor-analytics.md
wiki/people/ines-duarte.md	wiki/journal/journal-2026-04.md
wiki/people/ines-duarte.md	wiki/people/tomas-lind.md
wiki/people/ines-duarte.md	wiki/projects/decisions/driftwood-reads-tidewater-read-only.md
wiki/people/ines-duarte.md	wiki/projects/driftwood-capacity-forecast.md
wiki/people/ines-duarte.md	wiki/projects/tidewater-data-model.md
wiki/people/priya-raman.md	wiki/journal/journal-2026-03.md
wiki/people/priya-raman.md	wiki/journal/journal-2026-04.md
wiki/people/priya-raman.md	wiki/people/tomas-lind.md
wiki/people/priya-raman.md	wiki/projects/sparse-hybrid-retrieval-paper-full-text.md
wiki/people/priya-raman.md	wiki/projects/sparse-hybrid-retrieval-paper.md
wiki/people/sam-achebe.md	wiki/career/harbor-analytics.md
wiki/people/sam-achebe.md	wiki/journal/journal-2026-04.md
wiki/people/sam-achebe.md	wiki/people/sam-whitlock.md
wiki/people/sam-achebe.md	wiki/people/tomas-lind.md
wiki/people/sam-achebe.md	wiki/projects/tidewater-dashboard.md
wiki/people/sam-achebe.md	wiki/projects/tidewater-data-model.md
wiki/people/sam-whitlock.md	wiki/ideas/allotment-soil-sensor.md
wiki/people/sam-whitlock.md	wiki/journal/journal-2026-03.md
wiki/people/sam-whitlock.md	wiki/journal/journal-2026-04.md
wiki/people/sam-whitlock.md	wiki/people/sam-achebe.md
wiki/people/tomas-lind.md	wiki/career/career-growth-plan.md
wiki/people/tomas-lind.md	wiki/career/harbor-analytics.md
wiki/people/tomas-lind.md	wiki/journal/journal-2026-03.md
wiki/people/tomas-lind.md	wiki/people/hannah-voss.md
wiki/people/tomas-lind.md	wiki/people/ines-duarte.md
wiki/people/tomas-lind.md	wiki/people/priya-raman.md
wiki/people/tomas-lind.md	wiki/people/sam-achebe.md
wiki/people/tomas-lind.md	wiki/projects/sparse-hybrid-retrieval-paper.md
wiki/people/tomas-lind.md	wiki/projects/tidewater-dashboard.md
wiki/profile/mira-identity.md	wiki/career/cv-full-text.md
wiki/profile/mira-identity.md	wiki/career/harbor-analytics.md
wiki/profile/mira-identity.md	wiki/profile/now.md
wiki/profile/mira-identity.md	wiki/projects/sparse-hybrid-retrieval-paper.md
wiki/profile/mira-identity.md	wiki/projects/tidewater-dashboard.md
wiki/profile/mira-identity.md	wiki/tooling/vault-operations.md
wiki/profile/now.md	wiki/profile/mira-identity.md
wiki/profile/now.md	wiki/projects/driftwood-capacity-forecast.md
wiki/profile/now.md	wiki/projects/sparse-hybrid-retrieval-paper.md
wiki/profile/now.md	wiki/projects/tidewater-dashboard.md
wiki/profile/now.md	wiki/tooling/vault-capture-protocol.md
wiki/projects/decisions/driftwood-reads-tidewater-read-only.md	wiki/journal/journal-2026-04.md
wiki/projects/decisions/driftwood-reads-tidewater-read-only.md	wiki/people/ines-duarte.md
wiki/projects/decisions/driftwood-reads-tidewater-read-only.md	wiki/people/tomas-lind.md
wiki/projects/decisions/driftwood-reads-tidewater-read-only.md	wiki/profile/mira-identity.md
wiki/projects/decisions/driftwood-reads-tidewater-read-only.md	wiki/projects/decisions/tidewater-postgres-over-dynamodb.md
wiki/projects/decisions/driftwood-reads-tidewater-read-only.md	wiki/projects/driftwood-capacity-forecast.md
wiki/projects/decisions/driftwood-reads-tidewater-read-only.md	wiki/projects/tidewater-data-model.md
wiki/projects/decisions/tidewater-deadline-moved-to-15-may.md	wiki/journal/journal-2026-04.md
wiki/projects/decisions/tidewater-deadline-moved-to-15-may.md	wiki/people/hannah-voss.md
wiki/projects/decisions/tidewater-deadline-moved-to-15-may.md	wiki/people/sam-achebe.md
wiki/projects/decisions/tidewater-deadline-moved-to-15-may.md	wiki/people/tomas-lind.md
wiki/projects/decisions/tidewater-deadline-moved-to-15-may.md	wiki/profile/mira-identity.md
wiki/projects/decisions/tidewater-deadline-moved-to-15-may.md	wiki/projects/tidewater-dashboard.md
wiki/projects/decisions/tidewater-deadline-moved-to-15-may.md	wiki/projects/tidewater-data-model.md
wiki/projects/decisions/tidewater-fifteen-minute-refresh.md	wiki/journal/journal-2026-04.md
wiki/projects/decisions/tidewater-fifteen-minute-refresh.md	wiki/people/hannah-voss.md
wiki/projects/decisions/tidewater-fifteen-minute-refresh.md	wiki/people/tomas-lind.md
wiki/projects/decisions/tidewater-fifteen-minute-refresh.md	wiki/profile/mira-identity.md
wiki/projects/decisions/tidewater-fifteen-minute-refresh.md	wiki/projects/decisions/tidewater-postgres-over-dynamodb.md
wiki/projects/decisions/tidewater-fifteen-minute-refresh.md	wiki/projects/tidewater-dashboard.md
wiki/projects/decisions/tidewater-fifteen-minute-refresh.md	wiki/projects/tidewater-data-model.md
wiki/projects/decisions/tidewater-late-definition.md	wiki/journal/journal-2026-03.md
wiki/projects/decisions/tidewater-late-definition.md	wiki/people/hannah-voss.md
wiki/projects/decisions/tidewater-late-definition.md	wiki/projects/tidewater-dashboard.md
wiki/projects/decisions/tidewater-late-definition.md	wiki/projects/tidewater-data-model.md
wiki/projects/decisions/tidewater-postgres-over-dynamodb.md	wiki/journal/journal-2026-03.md
wiki/projects/decisions/tidewater-postgres-over-dynamodb.md	wiki/people/sam-achebe.md
wiki/projects/decisions/tidewater-postgres-over-dynamodb.md	wiki/people/tomas-lind.md
wiki/projects/decisions/tidewater-postgres-over-dynamodb.md	wiki/profile/mira-identity.md
wiki/projects/decisions/tidewater-postgres-over-dynamodb.md	wiki/projects/decisions/driftwood-reads-tidewater-read-only.md
wiki/projects/decisions/tidewater-postgres-over-dynamodb.md	wiki/projects/tidewater-dashboard.md
wiki/projects/decisions/tidewater-postgres-over-dynamodb.md	wiki/projects/tidewater-data-model.md
wiki/projects/decisions/tidewater-postgres-over-dynamodb.md	wiki/projects/tidewater-postgres-note-full-text.md
wiki/projects/driftwood-capacity-forecast.md	wiki/journal/journal-2026-03.md
wiki/projects/driftwood-capacity-forecast.md	wiki/journal/journal-2026-04.md
wiki/projects/driftwood-capacity-forecast.md	wiki/people/hannah-voss.md
wiki/projects/driftwood-capacity-forecast.md	wiki/people/ines-duarte.md
wiki/projects/driftwood-capacity-forecast.md	wiki/people/tomas-lind.md
wiki/projects/driftwood-capacity-forecast.md	wiki/profile/mira-identity.md
wiki/projects/driftwood-capacity-forecast.md	wiki/projects/decisions/driftwood-reads-tidewater-read-only.md
wiki/projects/driftwood-capacity-forecast.md	wiki/projects/tidewater-dashboard.md
wiki/projects/driftwood-capacity-forecast.md	wiki/projects/tidewater-data-model.md
wiki/projects/sparse-hybrid-retrieval-paper-full-text.md	wiki/journal/journal-2026-03.md
wiki/projects/sparse-hybrid-retrieval-paper-full-text.md	wiki/people/priya-raman.md
wiki/projects/sparse-hybrid-retrieval-paper-full-text.md	wiki/people/tomas-lind.md
wiki/projects/sparse-hybrid-retrieval-paper-full-text.md	wiki/profile/mira-identity.md
wiki/projects/sparse-hybrid-retrieval-paper-full-text.md	wiki/projects/sparse-hybrid-retrieval-paper.md
wiki/projects/sparse-hybrid-retrieval-paper.md	wiki/career/education-and-certifications.md
wiki/projects/sparse-hybrid-retrieval-paper.md	wiki/journal/journal-2026-03.md
wiki/projects/sparse-hybrid-retrieval-paper.md	wiki/journal/journal-2026-04.md
wiki/projects/sparse-hybrid-retrieval-paper.md	wiki/people/priya-raman.md
wiki/projects/sparse-hybrid-retrieval-paper.md	wiki/people/tomas-lind.md
wiki/projects/sparse-hybrid-retrieval-paper.md	wiki/profile/mira-identity.md
wiki/projects/sparse-hybrid-retrieval-paper.md	wiki/projects/sparse-hybrid-retrieval-paper-full-text.md
wiki/projects/tidewater-dashboard.md	wiki/career/harbor-analytics.md
wiki/projects/tidewater-dashboard.md	wiki/journal/journal-2026-03.md
wiki/projects/tidewater-dashboard.md	wiki/journal/journal-2026-04.md
wiki/projects/tidewater-dashboard.md	wiki/learning/rate-limiting-algorithms.md
wiki/projects/tidewater-dashboard.md	wiki/people/hannah-voss.md
wiki/projects/tidewater-dashboard.md	wiki/people/sam-achebe.md
wiki/projects/tidewater-dashboard.md	wiki/people/tomas-lind.md
wiki/projects/tidewater-dashboard.md	wiki/profile/mira-identity.md
wiki/projects/tidewater-dashboard.md	wiki/projects/decisions/tidewater-deadline-moved-to-15-may.md
wiki/projects/tidewater-dashboard.md	wiki/projects/decisions/tidewater-fifteen-minute-refresh.md
wiki/projects/tidewater-dashboard.md	wiki/projects/decisions/tidewater-late-definition.md
wiki/projects/tidewater-dashboard.md	wiki/projects/decisions/tidewater-postgres-over-dynamodb.md
wiki/projects/tidewater-dashboard.md	wiki/projects/driftwood-capacity-forecast.md
wiki/projects/tidewater-dashboard.md	wiki/projects/tidewater-data-model.md
wiki/projects/tidewater-dashboard.md	wiki/projects/tidewater-postgres-note-full-text.md
wiki/projects/tidewater-data-model.md	wiki/journal/journal-2026-03.md
wiki/projects/tidewater-data-model.md	wiki/journal/journal-2026-04.md
wiki/projects/tidewater-data-model.md	wiki/learning/rate-limiting-token-bucket.md
wiki/projects/tidewater-data-model.md	wiki/people/hannah-voss.md
wiki/projects/tidewater-data-model.md	wiki/people/ines-duarte.md
wiki/projects/tidewater-data-model.md	wiki/people/sam-achebe.md
wiki/projects/tidewater-data-model.md	wiki/people/tomas-lind.md
wiki/projects/tidewater-data-model.md	wiki/profile/mira-identity.md
wiki/projects/tidewater-data-model.md	wiki/projects/decisions/tidewater-fifteen-minute-refresh.md
wiki/projects/tidewater-data-model.md	wiki/projects/decisions/tidewater-late-definition.md
wiki/projects/tidewater-data-model.md	wiki/projects/driftwood-capacity-forecast.md
wiki/projects/tidewater-data-model.md	wiki/projects/tidewater-dashboard.md
wiki/projects/tidewater-data-model.md	wiki/projects/tidewater-postgres-note-full-text.md
wiki/projects/tidewater-postgres-note-full-text.md	wiki/projects/decisions/tidewater-postgres-over-dynamodb.md
wiki/projects/tidewater-postgres-note-full-text.md	wiki/projects/tidewater-dashboard.md
wiki/projects/tidewater-postgres-note-full-text.md	wiki/projects/tidewater-data-model.md
wiki/tooling/excalidraw-drawings.md	wiki/tooling/obsidian-plugins.md
wiki/tooling/excalidraw-drawings.md	wiki/tooling/vault-capture-protocol.md
wiki/tooling/excalidraw-drawings.md	wiki/tooling/vault-image-rules.md
wiki/tooling/excalidraw-drawings.md	wiki/tooling/vault-operations.md
wiki/tooling/excalidraw-drawings.md	wiki/tooling/vault-skills.md
wiki/tooling/notebooklm-compile-support.md	wiki/tooling/second-brain-architecture.md
wiki/tooling/notebooklm-compile-support.md	wiki/tooling/vault-capture-protocol.md
wiki/tooling/notebooklm-compile-support.md	wiki/tooling/vault-operations.md
wiki/tooling/notebooklm-compile-support.md	wiki/tooling/vault-skills.md
wiki/tooling/obsidian-plugins.md	wiki/tooling/excalidraw-drawings.md
wiki/tooling/obsidian-plugins.md	wiki/tooling/vault-capture-protocol.md
wiki/tooling/obsidian-plugins.md	wiki/tooling/vault-operations.md
wiki/tooling/obsidian-plugins.md	wiki/tooling/vault-skills.md
wiki/tooling/second-brain-architecture-layout.md	wiki/tooling/second-brain-architecture.md
wiki/tooling/second-brain-architecture-layout.md	wiki/tooling/vault-capture-protocol.md
wiki/tooling/second-brain-architecture-layout.md	wiki/tooling/vault-operations.md
wiki/tooling/second-brain-architecture.md	wiki/profile/now.md
wiki/tooling/second-brain-architecture.md	wiki/tooling/excalidraw-drawings.md
wiki/tooling/second-brain-architecture.md	wiki/tooling/notebooklm-compile-support.md
wiki/tooling/second-brain-architecture.md	wiki/tooling/obsidian-plugins.md
wiki/tooling/second-brain-architecture.md	wiki/tooling/second-brain-architecture-layout.md
wiki/tooling/second-brain-architecture.md	wiki/tooling/vault-capture-protocol.md
wiki/tooling/second-brain-architecture.md	wiki/tooling/vault-image-rules.md
wiki/tooling/second-brain-architecture.md	wiki/tooling/vault-operations.md
wiki/tooling/second-brain-architecture.md	wiki/tooling/vault-tag-facets.md
wiki/tooling/vault-capture-protocol.md	wiki/profile/now.md
wiki/tooling/vault-capture-protocol.md	wiki/tooling/second-brain-architecture.md
wiki/tooling/vault-capture-protocol.md	wiki/tooling/vault-image-rules.md
wiki/tooling/vault-capture-protocol.md	wiki/tooling/vault-operations.md
wiki/tooling/vault-capture-protocol.md	wiki/tooling/vault-skills.md
wiki/tooling/vault-capture-protocol.md	wiki/tooling/vault-tag-facets.md
wiki/tooling/vault-image-rules.md	wiki/tooling/excalidraw-drawings.md
wiki/tooling/vault-image-rules.md	wiki/tooling/second-brain-architecture.md
wiki/tooling/vault-image-rules.md	wiki/tooling/vault-capture-protocol.md
wiki/tooling/vault-image-rules.md	wiki/tooling/vault-operations.md
wiki/tooling/vault-operations.md	wiki/profile/now.md
wiki/tooling/vault-operations.md	wiki/tooling/notebooklm-compile-support.md
wiki/tooling/vault-operations.md	wiki/tooling/obsidian-plugins.md
wiki/tooling/vault-operations.md	wiki/tooling/second-brain-architecture.md
wiki/tooling/vault-operations.md	wiki/tooling/vault-capture-protocol.md
wiki/tooling/vault-operations.md	wiki/tooling/vault-image-rules.md
wiki/tooling/vault-operations.md	wiki/tooling/vault-skills.md
wiki/tooling/vault-operations.md	wiki/tooling/vault-tag-facets.md
wiki/tooling/vault-skills.md	wiki/tooling/excalidraw-drawings.md
wiki/tooling/vault-skills.md	wiki/tooling/notebooklm-compile-support.md
wiki/tooling/vault-skills.md	wiki/tooling/second-brain-architecture.md
wiki/tooling/vault-skills.md	wiki/tooling/vault-capture-protocol.md
wiki/tooling/vault-skills.md	wiki/tooling/vault-operations.md
wiki/tooling/vault-tag-facets.md	wiki/tooling/obsidian-plugins.md
wiki/tooling/vault-tag-facets.md	wiki/tooling/second-brain-architecture.md
wiki/tooling/vault-tag-facets.md	wiki/tooling/vault-capture-protocol.md
wiki/tooling/vault-tag-facets.md	wiki/tooling/vault-operations.md
